fullname,identifier,fsf_free,osi_approved,url
BSD Zero Clause License,0BSD,,Y,https://spdx.org/licenses/0BSD.html
Attribution Assurance License,AAL,,Y,https://spdx.org/licenses/AAL.html
Abstyles License,Abstyles,,,https://spdx.org/licenses/Abstyles.html
AdaCore Doc License,AdaCore-doc,,,https://spdx.org/licenses/AdaCore-doc.html
Adobe Systems Incorporated Source Code License Agreement,Adobe-2006,,,https://spdx.org/licenses/Adobe-2006.html
Adobe Glyph List License,Adobe-Glyph,,,https://spdx.org/licenses/Adobe-Glyph.html
Amazon Digital Services License,ADSL,,,https://spdx.org/licenses/ADSL.html
Academic Free License v1.1,AFL-1.1,Y,Y,https://spdx.org/licenses/AFL-1.1.html
Academic Free License v1.2,AFL-1.2,Y,Y,https://spdx.org/licenses/AFL-1.2.html
Academic Free License v2.0,AFL-2.0,Y,Y,https://spdx.org/licenses/AFL-2.0.html
Academic Free License v2.1,AFL-2.1,Y,Y,https://spdx.org/licenses/AFL-2.1.html
Academic Free License v3.0,AFL-3.0,Y,Y,https://spdx.org/licenses/AFL-3.0.html
Afmparse License,Afmparse,,,https://spdx.org/licenses/Afmparse.html
Affero General Public License v1.0 only,AGPL-1.0-only,,,https://spdx.org/licenses/AGPL-1.0-only.html
Affero General Public License v1.0 or later,AGPL-1.0-or-later,,,https://spdx.org/licenses/AGPL-1.0-or-later.html
GNU Affero General Public License v3.0 only,AGPL-3.0-only,Y,Y,https://spdx.org/licenses/AGPL-3.0-only.html
GNU Affero General Public License v3.0 or later,AGPL-3.0-or-later,Y,Y,https://spdx.org/licenses/AGPL-3.0-or-later.html
Aladdin Free Public License,Aladdin,,,https://spdx.org/licenses/Aladdin.html
AMD's plpa_map.c License,AMDPLPA,,,https://spdx.org/licenses/AMDPLPA.html
Apple MIT License,AML,,,https://spdx.org/licenses/AML.html
Academy of Motion Picture Arts and Sciences BSD,AMPAS,,,https://spdx.org/licenses/AMPAS.html
ANTLR Software Rights Notice,ANTLR-PD,,,https://spdx.org/licenses/ANTLR-PD.html
ANTLR Software Rights Notice with license fallback,ANTLR-PD-fallback,,,https://spdx.org/licenses/ANTLR-PD-fallback.html
Apache License 1.0,Apache-1.0,Y,,https://spdx.org/licenses/Apache-1.0.html
Apache License 1.1,Apache-1.1,Y,Y,https://spdx.org/licenses/Apache-1.1.html
Apache License 2.0,Apache-2.0,Y,Y,https://spdx.org/licenses/Apache-2.0.html
Adobe Postscript AFM License,APAFML,,,https://spdx.org/licenses/APAFML.html
Adaptive Public License 1.0,APL-1.0,,Y,https://spdx.org/licenses/APL-1.0.html
App::s2p License,App-s2p,,,https://spdx.org/licenses/App-s2p.html
Apple Public Source License 1.0,APSL-1.0,,Y,https://spdx.org/licenses/APSL-1.0.html
Apple Public Source License 1.1,APSL-1.1,,Y,https://spdx.org/licenses/APSL-1.1.html
Apple Public Source License 1.2,APSL-1.2,,Y,https://spdx.org/licenses/APSL-1.2.html
Apple Public Source License 2.0,APSL-2.0,Y,Y,https://spdx.org/licenses/APSL-2.0.html
Arphic Public License,Arphic-1999,,,https://spdx.org/licenses/Arphic-1999.html
Artistic License 1.0,Artistic-1.0,,Y,https://spdx.org/licenses/Artistic-1.0.html
Artistic License 1.0 w/clause 8,Artistic-1.0-cl8,,Y,https://spdx.org/licenses/Artistic-1.0-cl8.html
Artistic License 1.0 (Perl),Artistic-1.0-Perl,,Y,https://spdx.org/licenses/Artistic-1.0-Perl.html
Artistic License 2.0,Artistic-2.0,Y,Y,https://spdx.org/licenses/Artistic-2.0.html
Baekmuk License,Baekmuk,,,https://spdx.org/licenses/Baekmuk.html
Bahyph License,Bahyph,,,https://spdx.org/licenses/Bahyph.html
Barr License,Barr,,,https://spdx.org/licenses/Barr.html
Beerware License,Beerware,,,https://spdx.org/licenses/Beerware.html
Bitstream Charter Font License,Bitstream-Charter,,,https://spdx.org/licenses/Bitstream-Charter.html
Bitstream Vera Font License,Bitstream-Vera,,,https://spdx.org/licenses/Bitstream-Vera.html
BitTorrent Open Source License v1.0,BitTorrent-1.0,,,https://spdx.org/licenses/BitTorrent-1.0.html
BitTorrent Open Source License v1.1,BitTorrent-1.1,Y,,https://spdx.org/licenses/BitTorrent-1.1.html
SQLite Blessing,blessing,,,https://spdx.org/licenses/blessing.html
Blue Oak Model License 1.0.0,BlueOak-1.0.0,,,https://spdx.org/licenses/BlueOak-1.0.0.html
Borceux license,Borceux,,,https://spdx.org/licenses/Borceux.html
Brian Gladman 3-Clause License,Brian-Gladman-3-Clause,,,https://spdx.org/licenses/Brian-Gladman-3-Clause.html
BSD 1-Clause License,BSD-1-Clause,,Y,https://spdx.org/licenses/BSD-1-Clause.html
"BSD 2-Clause ""Simplified"" License",BSD-2-Clause,Y,Y,https://spdx.org/licenses/BSD-2-Clause.html
BSD-2-Clause Plus Patent License,BSD-2-Clause-Patent,,Y,https://spdx.org/licenses/BSD-2-Clause-Patent.html
BSD 2-Clause with views sentence,BSD-2-Clause-Views,,,https://spdx.org/licenses/BSD-2-Clause-Views.html
"BSD 3-Clause ""New"" or ""Revised"" License",BSD-3-Clause,Y,Y,https://spdx.org/licenses/BSD-3-Clause.html
BSD with attribution,BSD-3-Clause-Attribution,,,https://spdx.org/licenses/BSD-3-Clause-Attribution.html
BSD 3-Clause Clear License,BSD-3-Clause-Clear,Y,,https://spdx.org/licenses/BSD-3-Clause-Clear.html
Lawrence Berkeley National Labs BSD variant license,BSD-3-Clause-LBNL,,Y,https://spdx.org/licenses/BSD-3-Clause-LBNL.html
BSD 3-Clause Modification,BSD-3-Clause-Modification,,,https://spdx.org/licenses/BSD-3-Clause-Modification.html
BSD 3-Clause No Military License,BSD-3-Clause-No-Military-License,,,https://spdx.org/licenses/BSD-3-Clause-No-Military-License.html
BSD 3-Clause No Nuclear License,BSD-3-Clause-No-Nuclear-License,,,https://spdx.org/licenses/BSD-3-Clause-No-Nuclear-License.html
BSD 3-Clause No Nuclear License 2014,BSD-3-Clause-No-Nuclear-License-2014,,,https://spdx.org/licenses/BSD-3-Clause-No-Nuclear-License-2014.html
BSD 3-Clause No Nuclear Warranty,BSD-3-Clause-No-Nuclear-Warranty,,,https://spdx.org/licenses/BSD-3-Clause-No-Nuclear-Warranty.html
BSD 3-Clause Open MPI variant,BSD-3-Clause-Open-MPI,,,https://spdx.org/licenses/BSD-3-Clause-Open-MPI.html
"BSD 4-Clause ""Original"" or ""Old"" License",BSD-4-Clause,Y,,https://spdx.org/licenses/BSD-4-Clause.html
BSD 4 Clause Shortened,BSD-4-Clause-Shortened,,,https://spdx.org/licenses/BSD-4-Clause-Shortened.html
BSD-4-Clause (University of California-Specific),BSD-4-Clause-UC,,,https://spdx.org/licenses/BSD-4-Clause-UC.html
BSD 4.3 RENO License,BSD-4.3RENO,,,https://spdx.org/licenses/BSD-4.3RENO.html
BSD 4.3 TAHOE License,BSD-4.3TAHOE,,,https://spdx.org/licenses/BSD-4.3TAHOE.html
BSD Advertising Acknowledgement License,BSD-Advertising-Acknowledgement,,,https://spdx.org/licenses/BSD-Advertising-Acknowledgement.html
BSD with Attribution and HPND disclaimer,BSD-Attribution-HPND-disclaimer,,,https://spdx.org/licenses/BSD-Attribution-HPND-disclaimer.html
BSD Protection License,BSD-Protection,,,https://spdx.org/licenses/BSD-Protection.html
BSD Source Code Attribution,BSD-Source-Code,,,https://spdx.org/licenses/BSD-Source-Code.html
Boost Software License 1.0,BSL-1.0,Y,Y,https://spdx.org/licenses/BSL-1.0.html
Business Source License 1.1,BUSL-1.1,,,https://spdx.org/licenses/BUSL-1.1.html
bzip2 and libbzip2 License v1.0.6,bzip2-1.0.6,,,https://spdx.org/licenses/bzip2-1.0.6.html
Computational Use of Data Agreement v1.0,C-UDA-1.0,,,https://spdx.org/licenses/C-UDA-1.0.html
Cryptographic Autonomy License 1.0,CAL-1.0,,Y,https://spdx.org/licenses/CAL-1.0.html
Cryptographic Autonomy License 1.0 (Combined Work Exception),CAL-1.0-Combined-Work-Exception,,Y,https://spdx.org/licenses/CAL-1.0-Combined-Work-Exception.html
Caldera License,Caldera,,,https://spdx.org/licenses/Caldera.html
Computer Associates Trusted Open Source License 1.1,CATOSL-1.1,,Y,https://spdx.org/licenses/CATOSL-1.1.html
Creative Commons Attribution 1.0 Generic,CC-BY-1.0,,,https://spdx.org/licenses/CC-BY-1.0.html
Creative Commons Attribution 2.0 Generic,CC-BY-2.0,,,https://spdx.org/licenses/CC-BY-2.0.html
Creative Commons Attribution 2.5 Generic,CC-BY-2.5,,,https://spdx.org/licenses/CC-BY-2.5.html
Creative Commons Attribution 2.5 Australia,CC-BY-2.5-AU,,,https://spdx.org/licenses/CC-BY-2.5-AU.html
Creative Commons Attribution 3.0 Unported,CC-BY-3.0,,,https://spdx.org/licenses/CC-BY-3.0.html
Creative Commons Attribution 3.0 Austria,CC-BY-3.0-AT,,,https://spdx.org/licenses/CC-BY-3.0-AT.html
Creative Commons Attribution 3.0 Germany,CC-BY-3.0-DE,,,https://spdx.org/licenses/CC-BY-3.0-DE.html
Creative Commons Attribution 3.0 IGO,CC-BY-3.0-IGO,,,https://spdx.org/licenses/CC-BY-3.0-IGO.html
Creative Commons Attribution 3.0 Netherlands,CC-BY-3.0-NL,,,https://spdx.org/licenses/CC-BY-3.0-NL.html
Creative Commons Attribution 3.0 United States,CC-BY-3.0-US,,,https://spdx.org/licenses/CC-BY-3.0-US.html
Creative Commons Attribution 4.0 International,CC-BY-4.0,Y,,https://spdx.org/licenses/CC-BY-4.0.html
Creative Commons Attribution Non Commercial 1.0 Generic,CC-BY-NC-1.0,,,https://spdx.org/licenses/CC-BY-NC-1.0.html
Creative Commons Attribution Non Commercial 2.0 Generic,CC-BY-NC-2.0,,,https://spdx.org/licenses/CC-BY-NC-2.0.html
Creative Commons Attribution Non Commercial 2.5 Generic,CC-BY-NC-2.5,,,https://spdx.org/licenses/CC-BY-NC-2.5.html
Creative Commons Attribution Non Commercial 3.0 Unported,CC-BY-NC-3.0,,,https://spdx.org/licenses/CC-BY-NC-3.0.html
Creative Commons Attribution Non Commercial 3.0 Germany,CC-BY-NC-3.0-DE,,,https://spdx.org/licenses/CC-BY-NC-3.0-DE.html
Creative Commons Attribution Non Commercial 4.0 International,CC-BY-NC-4.0,,,https://spdx.org/licenses/CC-BY-NC-4.0.html
Creative Commons Attribution Non Commercial No Derivatives 1.0 Generic,CC-BY-NC-ND-1.0,,,https://spdx.org/licenses/CC-BY-NC-ND-1.0.html
Creative Commons Attribution Non Commercial No Derivatives 2.0 Generic,CC-BY-NC-ND-2.0,,,https://spdx.org/licenses/CC-BY-NC-ND-2.0.html
Creative Commons Attribution Non Commercial No Derivatives 2.5 Generic,CC-BY-NC-ND-2.5,,,https://spdx.org/licenses/CC-BY-NC-ND-2.5.html
Creative Commons Attribution Non Commercial No Derivatives 3.0 Unported,CC-BY-NC-ND-3.0,,,https://spdx.org/licenses/CC-BY-NC-ND-3.0.html
Creative Commons Attribution Non Commercial No Derivatives 3.0 Germany,CC-BY-NC-ND-3.0-DE,,,https://spdx.org/licenses/CC-BY-NC-ND-3.0-DE.html
Creative Commons Attribution Non Commercial No Derivatives 3.0 IGO,CC-BY-NC-ND-3.0-IGO,,,https://spdx.org/licenses/CC-BY-NC-ND-3.0-IGO.html
Creative Commons Attribution Non Commercial No Derivatives 4.0 International,CC-BY-NC-ND-4.0,,,https://spdx.org/licenses/CC-BY-NC-ND-4.0.html
Creative Commons Attribution Non Commercial Share Alike 1.0 Generic,CC-BY-NC-SA-1.0,,,https://spdx.org/licenses/CC-BY-NC-SA-1.0.html
Creative Commons Attribution Non Commercial Share Alike 2.0 Generic,CC-BY-NC-SA-2.0,,,https://spdx.org/licenses/CC-BY-NC-SA-2.0.html
Creative Commons Attribution Non Commercial Share Alike 2.0 Germany,CC-BY-NC-SA-2.0-DE,,,https://spdx.org/licenses/CC-BY-NC-SA-2.0-DE.html
Creative Commons Attribution-NonCommercial-ShareAlike 2.0 France,CC-BY-NC-SA-2.0-FR,,,https://spdx.org/licenses/CC-BY-NC-SA-2.0-FR.html
Creative Commons Attribution Non Commercial Share Alike 2.0 England and Wales,CC-BY-NC-SA-2.0-UK,,,https://spdx.org/licenses/CC-BY-NC-SA-2.0-UK.html
Creative Commons Attribution Non Commercial Share Alike 2.5 Generic,CC-BY-NC-SA-2.5,,,https://spdx.org/licenses/CC-BY-NC-SA-2.5.html
Creative Commons Attribution Non Commercial Share Alike 3.0 Unported,CC-BY-NC-SA-3.0,,,https://spdx.org/licenses/CC-BY-NC-SA-3.0.html
Creative Commons Attribution Non Commercial Share Alike 3.0 Germany,CC-BY-NC-SA-3.0-DE,,,https://spdx.org/licenses/CC-BY-NC-SA-3.0-DE.html
Creative Commons Attribution Non Commercial Share Alike 3.0 IGO,CC-BY-NC-SA-3.0-IGO,,,https://spdx.org/licenses/CC-BY-NC-SA-3.0-IGO.html
Creative Commons Attribution Non Commercial Share Alike 4.0 International,CC-BY-NC-SA-4.0,,,https://spdx.org/licenses/CC-BY-NC-SA-4.0.html
Creative Commons Attribution No Derivatives 1.0 Generic,CC-BY-ND-1.0,,,https://spdx.org/licenses/CC-BY-ND-1.0.html
Creative Commons Attribution No Derivatives 2.0 Generic,CC-BY-ND-2.0,,,https://spdx.org/licenses/CC-BY-ND-2.0.html
Creative Commons Attribution No Derivatives 2.5 Generic,CC-BY-ND-2.5,,,https://spdx.org/licenses/CC-BY-ND-2.5.html
Creative Commons Attribution No Derivatives 3.0 Unported,CC-BY-ND-3.0,,,https://spdx.org/licenses/CC-BY-ND-3.0.html
Creative Commons Attribution No Derivatives 3.0 Germany,CC-BY-ND-3.0-DE,,,https://spdx.org/licenses/CC-BY-ND-3.0-DE.html
Creative Commons Attribution No Derivatives 4.0 International,CC-BY-ND-4.0,,,https://spdx.org/licenses/CC-BY-ND-4.0.html
Creative Commons Attribution Share Alike 1.0 Generic,CC-BY-SA-1.0,,,https://spdx.org/licenses/CC-BY-SA-1.0.html
Creative Commons Attribution Share Alike 2.0 Generic,CC-BY-SA-2.0,,,https://spdx.org/licenses/CC-BY-SA-2.0.html
Creative Commons Attribution Share Alike 2.0 England and Wales,CC-BY-SA-2.0-UK,,,https://spdx.org/licenses/CC-BY-SA-2.0-UK.html
Creative Commons Attribution Share Alike 2.1 Japan,CC-BY-SA-2.1-JP,,,https://spdx.org/licenses/CC-BY-SA-2.1-JP.html
Creative Commons Attribution Share Alike 2.5 Generic,CC-BY-SA-2.5,,,https://spdx.org/licenses/CC-BY-SA-2.5.html
Creative Commons Attribution Share Alike 3.0 Unported,CC-BY-SA-3.0,,,https://spdx.org/licenses/CC-BY-SA-3.0.html
Creative Commons Attribution Share Alike 3.0 Austria,CC-BY-SA-3.0-AT,,,https://spdx.org/licenses/CC-BY-SA-3.0-AT.html
Creative Commons Attribution Share Alike 3.0 Germany,CC-BY-SA-3.0-DE,,,https://spdx.org/licenses/CC-BY-SA-3.0-DE.html
Creative Commons Attribution Share Alike 4.0 International,CC-BY-SA-4.0,Y,,https://spdx.org/licenses/CC-BY-SA-4.0.html
Creative Commons Public Domain Dedication and Certification,CC-PDDC,,,https://spdx.org/licenses/CC-PDDC.html
Creative Commons Zero v1.0 Universal,CC0-1.0,Y,,https://spdx.org/licenses/CC0-1.0.html
Common Development and Distribution License 1.0,CDDL-1.0,Y,Y,https://spdx.org/licenses/CDDL-1.0.html
Common Development and Distribution License 1.1,CDDL-1.1,,,https://spdx.org/licenses/CDDL-1.1.html
Common Documentation License 1.0,CDL-1.0,,,https://spdx.org/licenses/CDL-1.0.html
Community Data License Agreement Permissive 1.0,CDLA-Permissive-1.0,,,https://spdx.org/licenses/CDLA-Permissive-1.0.html
Community Data License Agreement Permissive 2.0,CDLA-Permissive-2.0,,,https://spdx.org/licenses/CDLA-Permissive-2.0.html
Community Data License Agreement Sharing 1.0,CDLA-Sharing-1.0,,,https://spdx.org/licenses/CDLA-Sharing-1.0.html
CeCILL Free Software License Agreement v1.0,CECILL-1.0,,,https://spdx.org/licenses/CECILL-1.0.html
CeCILL Free Software License Agreement v1.1,CECILL-1.1,,,https://spdx.org/licenses/CECILL-1.1.html
CeCILL Free Software License Agreement v2.0,CECILL-2.0,Y,,https://spdx.org/licenses/CECILL-2.0.html
CeCILL Free Software License Agreement v2.1,CECILL-2.1,,Y,https://spdx.org/licenses/CECILL-2.1.html
CeCILL-B Free Software License Agreement,CECILL-B,Y,,https://spdx.org/licenses/CECILL-B.html
CeCILL-C Free Software License Agreement,CECILL-C,Y,,https://spdx.org/licenses/CECILL-C.html
CERN Open Hardware Licence v1.1,CERN-OHL-1.1,,,https://spdx.org/licenses/CERN-OHL-1.1.html
CERN Open Hardware Licence v1.2,CERN-OHL-1.2,,,https://spdx.org/licenses/CERN-OHL-1.2.html
CERN Open Hardware Licence Version 2 - Permissive,CERN-OHL-P-2.0,,Y,https://spdx.org/licenses/CERN-OHL-P-2.0.html
CERN Open Hardware Licence Version 2 - Strongly Reciprocal,CERN-OHL-S-2.0,,Y,https://spdx.org/licenses/CERN-OHL-S-2.0.html
CERN Open Hardware Licence Version 2 - Weakly Reciprocal,CERN-OHL-W-2.0,,Y,https://spdx.org/licenses/CERN-OHL-W-2.0.html
CFITSIO License,CFITSIO,,,https://spdx.org/licenses/CFITSIO.html
Checkmk License,checkmk,,,https://spdx.org/licenses/checkmk.html
Clarified Artistic License,ClArtistic,Y,,https://spdx.org/licenses/ClArtistic.html
Clips License,Clips,,,https://spdx.org/licenses/Clips.html
CMU Mach License,CMU-Mach,,,https://spdx.org/licenses/CMU-Mach.html
CNRI Jython License,CNRI-Jython,,,https://spdx.org/licenses/CNRI-Jython.html
CNRI Python License,CNRI-Python,,Y,https://spdx.org/licenses/CNRI-Python.html
CNRI Python Open Source GPL Compatible License Agreement,CNRI-Python-GPL-Compatible,,,https://spdx.org/licenses/CNRI-Python-GPL-Compatible.html
Copyfree Open Innovation License,COIL-1.0,,,https://spdx.org/licenses/COIL-1.0.html
Community Specification License 1.0,Community-Spec-1.0,,,https://spdx.org/licenses/Community-Spec-1.0.html
Condor Public License v1.1,Condor-1.1,Y,,https://spdx.org/licenses/Condor-1.1.html
copyleft-next 0.3.0,copyleft-next-0.3.0,,,https://spdx.org/licenses/copyleft-next-0.3.0.html
copyleft-next 0.3.1,copyleft-next-0.3.1,,,https://spdx.org/licenses/copyleft-next-0.3.1.html
Cornell Lossless JPEG License,Cornell-Lossless-JPEG,,,https://spdx.org/licenses/Cornell-Lossless-JPEG.html
Common Public Attribution License 1.0,CPAL-1.0,Y,Y,https://spdx.org/licenses/CPAL-1.0.html
Common Public License 1.0,CPL-1.0,Y,Y,https://spdx.org/licenses/CPL-1.0.html
Code Project Open License 1.02,CPOL-1.02,,,https://spdx.org/licenses/CPOL-1.02.html
Crossword License,Crossword,,,https://spdx.org/licenses/Crossword.html
CrystalStacker License,CrystalStacker,,,https://spdx.org/licenses/CrystalStacker.html
CUA Office Public License v1.0,CUA-OPL-1.0,,Y,https://spdx.org/licenses/CUA-OPL-1.0.html
Cube License,Cube,,,https://spdx.org/licenses/Cube.html
curl License,curl,,,https://spdx.org/licenses/curl.html
Deutsche Freie Software Lizenz,D-FSL-1.0,,,https://spdx.org/licenses/D-FSL-1.0.html
diffmark license,diffmark,,,https://spdx.org/licenses/diffmark.html
Data licence Germany – attribution – version 2.0,DL-DE-BY-2.0,,,https://spdx.org/licenses/DL-DE-BY-2.0.html
DOC License,DOC,,,https://spdx.org/licenses/DOC.html
Dotseqn License,Dotseqn,,,https://spdx.org/licenses/Dotseqn.html
Detection Rule License 1.0,DRL-1.0,,,https://spdx.org/licenses/DRL-1.0.html
DSDP License,DSDP,,,https://spdx.org/licenses/DSDP.html
dvipdfm License,dvipdfm,,,https://spdx.org/licenses/dvipdfm.html
Educational Community License v1.0,ECL-1.0,,Y,https://spdx.org/licenses/ECL-1.0.html
Educational Community License v2.0,ECL-2.0,Y,Y,https://spdx.org/licenses/ECL-2.0.html
Eiffel Forum License v1.0,EFL-1.0,,Y,https://spdx.org/licenses/EFL-1.0.html
Eiffel Forum License v2.0,EFL-2.0,Y,Y,https://spdx.org/licenses/EFL-2.0.html
eGenix.com Public License 1.1.0,eGenix,,,https://spdx.org/licenses/eGenix.html
Elastic License 2.0,Elastic-2.0,,,https://spdx.org/licenses/Elastic-2.0.html
Entessa Public License v1.0,Entessa,,Y,https://spdx.org/licenses/Entessa.html
EPICS Open License,EPICS,,,https://spdx.org/licenses/EPICS.html
Eclipse Public License 1.0,EPL-1.0,Y,Y,https://spdx.org/licenses/EPL-1.0.html
Eclipse Public License 2.0,EPL-2.0,Y,Y,https://spdx.org/licenses/EPL-2.0.html
Erlang Public License v1.1,ErlPL-1.1,,,https://spdx.org/licenses/ErlPL-1.1.html
Etalab Open License 2.0,etalab-2.0,,,https://spdx.org/licenses/etalab-2.0.html
EU DataGrid Software License,EUDatagrid,Y,Y,https://spdx.org/licenses/EUDatagrid.html
European Union Public License 1.0,EUPL-1.0,,,https://spdx.org/licenses/EUPL-1.0.html
European Union Public License 1.1,EUPL-1.1,Y,Y,https://spdx.org/licenses/EUPL-1.1.html
European Union Public License 1.2,EUPL-1.2,Y,Y,https://spdx.org/licenses/EUPL-1.2.html
Eurosym License,Eurosym,,,https://spdx.org/licenses/Eurosym.html
Fair License,Fair,,Y,https://spdx.org/licenses/Fair.html
Fraunhofer FDK AAC Codec Library,FDK-AAC,,,https://spdx.org/licenses/FDK-AAC.html
Frameworx Open License 1.0,Frameworx-1.0,,Y,https://spdx.org/licenses/Frameworx-1.0.html
FreeBSD Documentation License,FreeBSD-DOC,,,https://spdx.org/licenses/FreeBSD-DOC.html
FreeImage Public License v1.0,FreeImage,,,https://spdx.org/licenses/FreeImage.html
FSF All Permissive License,FSFAP,Y,,https://spdx.org/licenses/FSFAP.html
FSF Unlimited License,FSFUL,,,https://spdx.org/licenses/FSFUL.html
FSF Unlimited License (with License Retention),FSFULLR,,,https://spdx.org/licenses/FSFULLR.html
FSF Unlimited License (With License Retention and Warranty Disclaimer),FSFULLRWD,,,https://spdx.org/licenses/FSFULLRWD.html
Freetype Project License,FTL,Y,,https://spdx.org/licenses/FTL.html
GD License,GD,,,https://spdx.org/licenses/GD.html
GNU Free Documentation License v1.1 only - invariants,GFDL-1.1-invariants-only,,,https://spdx.org/licenses/GFDL-1.1-invariants-only.html
GNU Free Documentation License v1.1 or later - invariants,GFDL-1.1-invariants-or-later,,,https://spdx.org/licenses/GFDL-1.1-invariants-or-later.html
GNU Free Documentation License v1.1 only - no invariants,GFDL-1.1-no-invariants-only,,,https://spdx.org/licenses/GFDL-1.1-no-invariants-only.html
GNU Free Documentation License v1.1 or later - no invariants,GFDL-1.1-no-invariants-or-later,,,https://spdx.org/licenses/GFDL-1.1-no-invariants-or-later.html
GNU Free Documentation License v1.1 only,GFDL-1.1-only,Y,,https://spdx.org/licenses/GFDL-1.1-only.html
GNU Free Documentation License v1.1 or later,GFDL-1.1-or-later,Y,,https://spdx.org/licenses/GFDL-1.1-or-later.html
GNU Free Documentation License v1.2 only - invariants,GFDL-1.2-invariants-only,,,https://spdx.org/licenses/GFDL-1.2-invariants-only.html
GNU Free Documentation License v1.2 or later - invariants,GFDL-1.2-invariants-or-later,,,https://spdx.org/licenses/GFDL-1.2-invariants-or-later.html
GNU Free Documentation License v1.2 only - no invariants,GFDL-1.2-no-invariants-only,,,https://spdx.org/licenses/GFDL-1.2-no-invariants-only.html
GNU Free Documentation License v1.2 or later - no invariants,GFDL-1.2-no-invariants-or-later,,,https://spdx.org/licenses/GFDL-1.2-no-invariants-or-later.html
GNU Free Documentation License v1.2 only,GFDL-1.2-only,Y,,https://spdx.org/licenses/GFDL-1.2-only.html
GNU Free Documentation License v1.2 or later,GFDL-1.2-or-later,Y,,https://spdx.org/licenses/GFDL-1.2-or-later.html
GNU Free Documentation License v1.3 only - invariants,GFDL-1.3-invariants-only,,,https://spdx.org/licenses/GFDL-1.3-invariants-only.html
GNU Free Documentation License v1.3 or later - invariants,GFDL-1.3-invariants-or-later,,,https://spdx.org/licenses/GFDL-1.3-invariants-or-later.html
GNU Free Documentation License v1.3 only - no invariants,GFDL-1.3-no-invariants-only,,,https://spdx.org/licenses/GFDL-1.3-no-invariants-only.html
GNU Free Documentation License v1.3 or later - no invariants,GFDL-1.3-no-invariants-or-later,,,https://spdx.org/licenses/GFDL-1.3-no-invariants-or-later.html
GNU Free Documentation License v1.3 only,GFDL-1.3-only,Y,,https://spdx.org/licenses/GFDL-1.3-only.html
GNU Free Documentation License v1.3 or later,GFDL-1.3-or-later,Y,,https://spdx.org/licenses/GFDL-1.3-or-later.html
Giftware License,Giftware,,,https://spdx.org/licenses/Giftware.html
GL2PS License,GL2PS,,,https://spdx.org/licenses/GL2PS.html
3dfx Glide License,Glide,,,https://spdx.org/licenses/Glide.html
Glulxe License,Glulxe,,,https://spdx.org/licenses/Glulxe.html
Good Luck With That Public License,GLWTPL,,,https://spdx.org/licenses/GLWTPL.html
gnuplot License,gnuplot,Y,,https://spdx.org/licenses/gnuplot.html
GNU General Public License v1.0 only,GPL-1.0-only,,,https://spdx.org/licenses/GPL-1.0-only.html
GNU General Public License v1.0 or later,GPL-1.0-or-later,,,https://spdx.org/licenses/GPL-1.0-or-later.html
GNU General Public License v2.0 only,GPL-2.0-only,Y,Y,https://spdx.org/licenses/GPL-2.0-only.html
GNU General Public License v2.0 or later,GPL-2.0-or-later,Y,Y,https://spdx.org/licenses/GPL-2.0-or-later.html
GNU General Public License v3.0 only,GPL-3.0-only,Y,Y,https://spdx.org/licenses/GPL-3.0-only.html
GNU General Public License v3.0 or later,GPL-3.0-or-later,Y,Y,https://spdx.org/licenses/GPL-3.0-or-later.html
Graphics Gems License,Graphics-Gems,,,https://spdx.org/licenses/Graphics-Gems.html
gSOAP Public License v1.3b,gSOAP-1.3b,,,https://spdx.org/licenses/gSOAP-1.3b.html
Haskell Language Report License,HaskellReport,,,https://spdx.org/licenses/HaskellReport.html
Hippocratic License 2.1,Hippocratic-2.1,,,https://spdx.org/licenses/Hippocratic-2.1.html
Hewlett-Packard 1986 License,HP-1986,,,https://spdx.org/licenses/HP-1986.html
Historical Permission Notice and Disclaimer,HPND,Y,Y,https://spdx.org/licenses/HPND.html
HPND with US Government export control warning,HPND-export-US,,,https://spdx.org/licenses/HPND-export-US.html
Historical Permission Notice and Disclaimer - Markus Kuhn variant,HPND-Markus-Kuhn,,,https://spdx.org/licenses/HPND-Markus-Kuhn.html
Historical Permission Notice and Disclaimer - sell variant,HPND-sell-variant,,,https://spdx.org/licenses/HPND-sell-variant.html
HPND sell variant with MIT disclaimer,HPND-sell-variant-MIT-disclaimer,,,https://spdx.org/licenses/HPND-sell-variant-MIT-disclaimer.html
HTML Tidy License,HTMLTIDY,,,https://spdx.org/licenses/HTMLTIDY.html
IBM PowerPC Initialization and Boot Software,IBM-pibs,,,https://spdx.org/licenses/IBM-pibs.html
ICU License,ICU,,,https://spdx.org/licenses/ICU.html
IEC Code Components End-user licence agreement,IEC-Code-Components-EULA,,,https://spdx.org/licenses/IEC-Code-Components-EULA.html
Independent JPEG Group License,IJG,Y,,https://spdx.org/licenses/IJG.html
Independent JPEG Group License - short,IJG-short,,,https://spdx.org/licenses/IJG-short.html
ImageMagick License,ImageMagick,,,https://spdx.org/licenses/ImageMagick.html
iMatix Standard Function Library Agreement,iMatix,Y,,https://spdx.org/licenses/iMatix.html
Imlib2 License,Imlib2,Y,,https://spdx.org/licenses/Imlib2.html
Info-ZIP License,Info-ZIP,,,https://spdx.org/licenses/Info-ZIP.html
Intel Open Source License,Intel,Y,Y,https://spdx.org/licenses/Intel.html
Intel ACPI Software License Agreement,Intel-ACPI,,,https://spdx.org/licenses/Intel-ACPI.html
Interbase Public License v1.0,Interbase-1.0,,,https://spdx.org/licenses/Interbase-1.0.html
IPA Font License,IPA,Y,Y,https://spdx.org/licenses/IPA.html
IBM Public License v1.0,IPL-1.0,Y,Y,https://spdx.org/licenses/IPL-1.0.html
ISC License,ISC,Y,Y,https://spdx.org/licenses/ISC.html
Jam License,Jam,,Y,https://spdx.org/licenses/Jam.html
JasPer License,JasPer-2.0,,,https://spdx.org/licenses/JasPer-2.0.html
JPL Image Use Policy,JPL-image,,,https://spdx.org/licenses/JPL-image.html
Japan Network Information Center License,JPNIC,,,https://spdx.org/licenses/JPNIC.html
JSON License,JSON,,,https://spdx.org/licenses/JSON.html
Kazlib License,Kazlib,,,https://spdx.org/licenses/Kazlib.html
Knuth CTAN License,Knuth-CTAN,,,https://spdx.org/licenses/Knuth-CTAN.html
Licence Art Libre 1.2,LAL-1.2,,,https://spdx.org/licenses/LAL-1.2.html
Licence Art Libre 1.3,LAL-1.3,,,https://spdx.org/licenses/LAL-1.3.html
Latex2e License,Latex2e,,,https://spdx.org/licenses/Latex2e.html
Leptonica License,Leptonica,,,https://spdx.org/licenses/Leptonica.html
GNU Library General Public License v2 only,LGPL-2.0-only,,Y,https://spdx.org/licenses/LGPL-2.0-only.html
GNU Library General Public License v2 or later,LGPL-2.0-or-later,,Y,https://spdx.org/licenses/LGPL-2.0-or-later.html
GNU Lesser General Public License v2.1 only,LGPL-2.1-only,Y,Y,https://spdx.org/licenses/LGPL-2.1-only.html
GNU Lesser General Public License v2.1 or later,LGPL-2.1-or-later,Y,Y,https://spdx.org/licenses/LGPL-2.1-or-later.html
GNU Lesser General Public License v3.0 only,LGPL-3.0-only,Y,Y,https://spdx.org/licenses/LGPL-3.0-only.html
GNU Lesser General Public License v3.0 or later,LGPL-3.0-or-later,Y,Y,https://spdx.org/licenses/LGPL-3.0-or-later.html
Lesser General Public License For Linguistic Resources,LGPLLR,,,https://spdx.org/licenses/LGPLLR.html
libpng License,Libpng,,,https://spdx.org/licenses/Libpng.html
PNG Reference Library version 2,libpng-2.0,,,https://spdx.org/licenses/libpng-2.0.html
libselinux public domain notice,libselinux-1.0,,,https://spdx.org/licenses/libselinux-1.0.html
libtiff License,libtiff,,,https://spdx.org/licenses/libtiff.html
libutil David Nugent License,libutil-David-Nugent,,,https://spdx.org/licenses/libutil-David-Nugent.html
Licence Libre du Québec – Permissive version 1.1,LiLiQ-P-1.1,,Y,https://spdx.org/licenses/LiLiQ-P-1.1.html
Licence Libre du Québec – Réciprocité version 1.1,LiLiQ-R-1.1,,Y,https://spdx.org/licenses/LiLiQ-R-1.1.html
Licence Libre du Québec – Réciprocité forte version 1.1,LiLiQ-Rplus-1.1,,Y,https://spdx.org/licenses/LiLiQ-Rplus-1.1.html
Linux man-pages Copyleft,Linux-man-pages-copyleft,,,https://spdx.org/licenses/Linux-man-pages-copyleft.html
Linux Kernel Variant of OpenIB.org license,Linux-OpenIB,,,https://spdx.org/licenses/Linux-OpenIB.html
Common Lisp LOOP License,LOOP,,,https://spdx.org/licenses/LOOP.html
Lucent Public License Version 1.0,LPL-1.0,,Y,https://spdx.org/licenses/LPL-1.0.html
Lucent Public License v1.02,LPL-1.02,Y,Y,https://spdx.org/licenses/LPL-1.02.html
LaTeX Project Public License v1.0,LPPL-1.0,,,https://spdx.org/licenses/LPPL-1.0.html
LaTeX Project Public License v1.1,LPPL-1.1,,,https://spdx.org/licenses/LPPL-1.1.html
LaTeX Project Public License v1.2,LPPL-1.2,Y,,https://spdx.org/licenses/LPPL-1.2.html
LaTeX Project Public License v1.3a,LPPL-1.3a,Y,,https://spdx.org/licenses/LPPL-1.3a.html
LaTeX Project Public License v1.3c,LPPL-1.3c,,Y,https://spdx.org/licenses/LPPL-1.3c.html
LZMA SDK License (versions 9.11 to 9.20),LZMA-SDK-9.11-to-9.20,,,https://spdx.org/licenses/LZMA-SDK-9.11-to-9.20.html
LZMA SDK License (versions 9.22 and beyond),LZMA-SDK-9.22,,,https://spdx.org/licenses/LZMA-SDK-9.22.html
MakeIndex License,MakeIndex,,,https://spdx.org/licenses/MakeIndex.html
Martin Birgmeier License,Martin-Birgmeier,,,https://spdx.org/licenses/Martin-Birgmeier.html
Minpack License,Minpack,,,https://spdx.org/licenses/Minpack.html
The MirOS Licence,MirOS,,Y,https://spdx.org/licenses/MirOS.html
MIT License,MIT,Y,Y,https://spdx.org/licenses/MIT.html
MIT No Attribution,MIT-0,,Y,https://spdx.org/licenses/MIT-0.html
Enlightenment License (e16),MIT-advertising,,,https://spdx.org/licenses/MIT-advertising.html
CMU License,MIT-CMU,,,https://spdx.org/licenses/MIT-CMU.html
enna License,MIT-enna,,,https://spdx.org/licenses/MIT-enna.html
feh License,MIT-feh,,,https://spdx.org/licenses/MIT-feh.html
MIT License Modern Variant,MIT-Modern-Variant,,Y,https://spdx.org/licenses/MIT-Modern-Variant.html
MIT Open Group variant,MIT-open-group,,,https://spdx.org/licenses/MIT-open-group.html
MIT Tom Wu Variant,MIT-Wu,,,https://spdx.org/licenses/MIT-Wu.html
MIT +no-false-attribs license,MITNFA,,,https://spdx.org/licenses/MITNFA.html
Motosoto License,Motosoto,,Y,https://spdx.org/licenses/Motosoto.html
mpi Permissive License,mpi-permissive,,,https://spdx.org/licenses/mpi-permissive.html
mpich2 License,mpich2,,,https://spdx.org/licenses/mpich2.html
Mozilla Public License 1.0,MPL-1.0,,Y,https://spdx.org/licenses/MPL-1.0.html
Mozilla Public License 1.1,MPL-1.1,Y,Y,https://spdx.org/licenses/MPL-1.1.html
Mozilla Public License 2.0,MPL-2.0,Y,Y,https://spdx.org/licenses/MPL-2.0.html
Mozilla Public License 2.0 (no copyleft exception),MPL-2.0-no-copyleft-exception,,Y,https://spdx.org/licenses/MPL-2.0-no-copyleft-exception.html
mplus Font License,mplus,,,https://spdx.org/licenses/mplus.html
Microsoft Limited Public License,MS-LPL,,,https://spdx.org/licenses/MS-LPL.html
Microsoft Public License,MS-PL,Y,Y,https://spdx.org/licenses/MS-PL.html
Microsoft Reciprocal License,MS-RL,Y,Y,https://spdx.org/licenses/MS-RL.html
Matrix Template Library License,MTLL,,,https://spdx.org/licenses/MTLL.html
"Mulan Permissive Software License, Version 1",MulanPSL-1.0,,,https://spdx.org/licenses/MulanPSL-1.0.html
"Mulan Permissive Software License, Version 2",MulanPSL-2.0,,Y,https://spdx.org/licenses/MulanPSL-2.0.html
Multics License,Multics,,Y,https://spdx.org/licenses/Multics.html
Mup License,Mup,,,https://spdx.org/licenses/Mup.html
Nara Institute of Science and Technology License (2003),NAIST-2003,,,https://spdx.org/licenses/NAIST-2003.html
NASA Open Source Agreement 1.3,NASA-1.3,,Y,https://spdx.org/licenses/NASA-1.3.html
Naumen Public License,Naumen,,Y,https://spdx.org/licenses/Naumen.html
Net Boolean Public License v1,NBPL-1.0,,,https://spdx.org/licenses/NBPL-1.0.html
Non-Commercial Government Licence,NCGL-UK-2.0,,,https://spdx.org/licenses/NCGL-UK-2.0.html
University of Illinois/NCSA Open Source License,NCSA,Y,Y,https://spdx.org/licenses/NCSA.html
Net-SNMP License,Net-SNMP,,,https://spdx.org/licenses/Net-SNMP.html
NetCDF license,NetCDF,,,https://spdx.org/licenses/NetCDF.html
Newsletr License,Newsletr,,,https://spdx.org/licenses/Newsletr.html
Nethack General Public License,NGPL,,Y,https://spdx.org/licenses/NGPL.html
"NICTA Public Software License, Version 1.0",NICTA-1.0,,,https://spdx.org/licenses/NICTA-1.0.html
NIST Public Domain Notice,NIST-PD,,,https://spdx.org/licenses/NIST-PD.html
NIST Public Domain Notice with license fallback,NIST-PD-fallback,,,https://spdx.org/licenses/NIST-PD-fallback.html
Norwegian Licence for Open Government Data (NLOD) 1.0,NLOD-1.0,,,https://spdx.org/licenses/NLOD-1.0.html
Norwegian Licence for Open Government Data (NLOD) 2.0,NLOD-2.0,,,https://spdx.org/licenses/NLOD-2.0.html
No Limit Public License,NLPL,,,https://spdx.org/licenses/NLPL.html
Nokia Open Source License,Nokia,Y,Y,https://spdx.org/licenses/Nokia.html
Netizen Open Source License,NOSL,Y,,https://spdx.org/licenses/NOSL.html
Noweb License,Noweb,,,https://spdx.org/licenses/Noweb.html
Netscape Public License v1.0,NPL-1.0,Y,,https://spdx.org/licenses/NPL-1.0.html
Netscape Public License v1.1,NPL-1.1,Y,,https://spdx.org/licenses/NPL-1.1.html
Non-Profit Open Software License 3.0,NPOSL-3.0,,Y,https://spdx.org/licenses/NPOSL-3.0.html
NRL License,NRL,,,https://spdx.org/licenses/NRL.html
NTP License,NTP,,Y,https://spdx.org/licenses/NTP.html
NTP No Attribution,NTP-0,,,https://spdx.org/licenses/NTP-0.html
Open Use of Data Agreement v1.0,O-UDA-1.0,,,https://spdx.org/licenses/O-UDA-1.0.html
Open CASCADE Technology Public License,OCCT-PL,,,https://spdx.org/licenses/OCCT-PL.html
OCLC Research Public License 2.0,OCLC-2.0,,Y,https://spdx.org/licenses/OCLC-2.0.html
Open Data Commons Open Database License v1.0,ODbL-1.0,Y,,https://spdx.org/licenses/ODbL-1.0.html
Open Data Commons Attribution License v1.0,ODC-By-1.0,,,https://spdx.org/licenses/ODC-By-1.0.html
OFFIS License,OFFIS,,,https://spdx.org/licenses/OFFIS.html
SIL Open Font License 1.0,OFL-1.0,Y,,https://spdx.org/licenses/OFL-1.0.html
SIL Open Font License 1.0 with no Reserved Font Name,OFL-1.0-no-RFN,,,https://spdx.org/licenses/OFL-1.0-no-RFN.html
SIL Open Font License 1.0 with Reserved Font Name,OFL-1.0-RFN,,,https://spdx.org/licenses/OFL-1.0-RFN.html
SIL Open Font License 1.1,OFL-1.1,Y,Y,https://spdx.org/licenses/OFL-1.1.html
SIL Open Font License 1.1 with no Reserved Font Name,OFL-1.1-no-RFN,,Y,https://spdx.org/licenses/OFL-1.1-no-RFN.html
SIL Open Font License 1.1 with Reserved Font Name,OFL-1.1-RFN,,Y,https://spdx.org/licenses/OFL-1.1-RFN.html
"OGC Software License, Version 1.0",OGC-1.0,,,https://spdx.org/licenses/OGC-1.0.html
"Taiwan Open Government Data License, version 1.0",OGDL-Taiwan-1.0,,,https://spdx.org/licenses/OGDL-Taiwan-1.0.html
Open Government Licence - Canada,OGL-Canada-2.0,,,https://spdx.org/licenses/OGL-Canada-2.0.html
Open Government Licence v1.0,OGL-UK-1.0,,,https://spdx.org/licenses/OGL-UK-1.0.html
Open Government Licence v2.0,OGL-UK-2.0,,,https://spdx.org/licenses/OGL-UK-2.0.html
Open Government Licence v3.0,OGL-UK-3.0,,,https://spdx.org/licenses/OGL-UK-3.0.html
Open Group Test Suite License,OGTSL,,Y,https://spdx.org/licenses/OGTSL.html
Open LDAP Public License v1.1,OLDAP-1.1,,,https://spdx.org/licenses/OLDAP-1.1.html
Open LDAP Public License v1.2,OLDAP-1.2,,,https://spdx.org/licenses/OLDAP-1.2.html
Open LDAP Public License v1.3,OLDAP-1.3,,,https://spdx.org/licenses/OLDAP-1.3.html
Open LDAP Public License v1.4,OLDAP-1.4,,,https://spdx.org/licenses/OLDAP-1.4.html
Open LDAP Public License v2.0 (or possibly 2.0A and 2.0B),OLDAP-2.0,,,https://spdx.org/licenses/OLDAP-2.0.html
Open LDAP Public License v2.0.1,OLDAP-2.0.1,,,https://spdx.org/licenses/OLDAP-2.0.1.html
Open LDAP Public License v2.1,OLDAP-2.1,,,https://spdx.org/licenses/OLDAP-2.1.html
Open LDAP Public License v2.2,OLDAP-2.2,,,https://spdx.org/licenses/OLDAP-2.2.html
Open LDAP Public License v2.2.1,OLDAP-2.2.1,,,https://spdx.org/licenses/OLDAP-2.2.1.html
Open LDAP Public License 2.2.2,OLDAP-2.2.2,,,https://spdx.org/licenses/OLDAP-2.2.2.html
Open LDAP Public License v2.3,OLDAP-2.3,Y,,https://spdx.org/licenses/OLDAP-2.3.html
Open LDAP Public License v2.4,OLDAP-2.4,,,https://spdx.org/licenses/OLDAP-2.4.html
Open LDAP Public License v2.5,OLDAP-2.5,,,https://spdx.org/licenses/OLDAP-2.5.html
Open LDAP Public License v2.6,OLDAP-2.6,,,https://spdx.org/licenses/OLDAP-2.6.html
Open LDAP Public License v2.7,OLDAP-2.7,Y,,https://spdx.org/licenses/OLDAP-2.7.html
Open LDAP Public License v2.8,OLDAP-2.8,,Y,https://spdx.org/licenses/OLDAP-2.8.html
Open Market License,OML,,,https://spdx.org/licenses/OML.html
OpenPBS v2.3 Software License,OpenPBS-2.3,,,https://spdx.org/licenses/OpenPBS-2.3.html
OpenSSL License,OpenSSL,Y,,https://spdx.org/licenses/OpenSSL.html
Open Public License v1.0,OPL-1.0,,,https://spdx.org/licenses/OPL-1.0.html
Open Publication License v1.0,OPUBL-1.0,,,https://spdx.org/licenses/OPUBL-1.0.html
OSET Public License version 2.1,OSET-PL-2.1,,Y,https://spdx.org/licenses/OSET-PL-2.1.html
Open Software License 1.0,OSL-1.0,Y,Y,https://spdx.org/licenses/OSL-1.0.html
Open Software License 1.1,OSL-1.1,Y,,https://spdx.org/licenses/OSL-1.1.html
Open Software License 2.0,OSL-2.0,Y,Y,https://spdx.org/licenses/OSL-2.0.html
Open Software License 2.1,OSL-2.1,Y,Y,https://spdx.org/licenses/OSL-2.1.html
Open Software License 3.0,OSL-3.0,Y,Y,https://spdx.org/licenses/OSL-3.0.html
The Parity Public License 6.0.0,Parity-6.0.0,,,https://spdx.org/licenses/Parity-6.0.0.html
The Parity Public License 7.0.0,Parity-7.0.0,,,https://spdx.org/licenses/Parity-7.0.0.html
Open Data Commons Public Domain Dedication & License 1.0,PDDL-1.0,,,https://spdx.org/licenses/PDDL-1.0.html
PHP License v3.0,PHP-3.0,,Y,https://spdx.org/licenses/PHP-3.0.html
PHP License v3.01,PHP-3.01,Y,Y,https://spdx.org/licenses/PHP-3.01.html
Plexus Classworlds License,Plexus,,,https://spdx.org/licenses/Plexus.html
PolyForm Noncommercial License 1.0.0,PolyForm-Noncommercial-1.0.0,,,https://spdx.org/licenses/PolyForm-Noncommercial-1.0.0.html
PolyForm Small Business License 1.0.0,PolyForm-Small-Business-1.0.0,,,https://spdx.org/licenses/PolyForm-Small-Business-1.0.0.html
PostgreSQL License,PostgreSQL,,Y,https://spdx.org/licenses/PostgreSQL.html
Python Software Foundation License 2.0,PSF-2.0,,,https://spdx.org/licenses/PSF-2.0.html
psfrag License,psfrag,,,https://spdx.org/licenses/psfrag.html
psutils License,psutils,,,https://spdx.org/licenses/psutils.html
Python License 2.0,Python-2.0,Y,Y,https://spdx.org/licenses/Python-2.0.html
Python License 2.0.1,Python-2.0.1,,,https://spdx.org/licenses/Python-2.0.1.html
Qhull License,Qhull,,,https://spdx.org/licenses/Qhull.html
Q Public License 1.0,QPL-1.0,Y,Y,https://spdx.org/licenses/QPL-1.0.html
Q Public License 1.0 - INRIA 2004 variant,QPL-1.0-INRIA-2004,,,https://spdx.org/licenses/QPL-1.0-INRIA-2004.html
Rdisc License,Rdisc,,,https://spdx.org/licenses/Rdisc.html
Red Hat eCos Public License v1.1,RHeCos-1.1,,,https://spdx.org/licenses/RHeCos-1.1.html
Reciprocal Public License 1.1,RPL-1.1,,Y,https://spdx.org/licenses/RPL-1.1.html
Reciprocal Public License 1.5,RPL-1.5,,Y,https://spdx.org/licenses/RPL-1.5.html
RealNetworks Public Source License v1.0,RPSL-1.0,Y,Y,https://spdx.org/licenses/RPSL-1.0.html
RSA Message-Digest License,RSA-MD,,,https://spdx.org/licenses/RSA-MD.html
Ricoh Source Code Public License,RSCPL,,Y,https://spdx.org/licenses/RSCPL.html
Ruby License,Ruby,Y,,https://spdx.org/licenses/Ruby.html
Sax Public Domain Notice,SAX-PD,,,https://spdx.org/licenses/SAX-PD.html
Saxpath License,Saxpath,,,https://spdx.org/licenses/Saxpath.html
SCEA Shared Source License,SCEA,,,https://spdx.org/licenses/SCEA.html
Scheme Language Report License,SchemeReport,,,https://spdx.org/licenses/SchemeReport.html
Sendmail License,Sendmail,,,https://spdx.org/licenses/Sendmail.html
Sendmail License 8.23,Sendmail-8.23,,,https://spdx.org/licenses/Sendmail-8.23.html
SGI Free Software License B v1.0,SGI-B-1.0,,,https://spdx.org/licenses/SGI-B-1.0.html
SGI Free Software License B v1.1,SGI-B-1.1,,,https://spdx.org/licenses/SGI-B-1.1.html
SGI Free Software License B v2.0,SGI-B-2.0,Y,,https://spdx.org/licenses/SGI-B-2.0.html
Solderpad Hardware License v0.5,SHL-0.5,,,https://spdx.org/licenses/SHL-0.5.html
"Solderpad Hardware License, Version 0.51",SHL-0.51,,,https://spdx.org/licenses/SHL-0.51.html
Simple Public License 2.0,SimPL-2.0,,Y,https://spdx.org/licenses/SimPL-2.0.html
Sun Industry Standards Source License v1.1,SISSL,Y,Y,https://spdx.org/licenses/SISSL.html
Sun Industry Standards Source License v1.2,SISSL-1.2,,,https://spdx.org/licenses/SISSL-1.2.html
Sleepycat License,Sleepycat,Y,Y,https://spdx.org/licenses/Sleepycat.html
Standard ML of New Jersey License,SMLNJ,Y,,https://spdx.org/licenses/SMLNJ.html
Secure Messaging Protocol Public License,SMPPL,,,https://spdx.org/licenses/SMPPL.html
SNIA Public License 1.1,SNIA,,,https://spdx.org/licenses/SNIA.html
snprintf License,snprintf,,,https://spdx.org/licenses/snprintf.html
Spencer License 86,Spencer-86,,,https://spdx.org/licenses/Spencer-86.html
Spencer License 94,Spencer-94,,,https://spdx.org/licenses/Spencer-94.html
Spencer License 99,Spencer-99,,,https://spdx.org/licenses/Spencer-99.html
Sun Public License v1.0,SPL-1.0,Y,Y,https://spdx.org/licenses/SPL-1.0.html
SSH OpenSSH license,SSH-OpenSSH,,,https://spdx.org/licenses/SSH-OpenSSH.html
SSH short notice,SSH-short,,,https://spdx.org/licenses/SSH-short.html
"Server Side Public License, v 1",SSPL-1.0,,,https://spdx.org/licenses/SSPL-1.0.html
SugarCRM Public License v1.1.3,SugarCRM-1.1.3,,,https://spdx.org/licenses/SugarCRM-1.1.3.html
SunPro License,SunPro,,,https://spdx.org/licenses/SunPro.html
Scheme Widget Library (SWL) Software License Agreement,SWL,,,https://spdx.org/licenses/SWL.html
Symlinks License,Symlinks,,,https://spdx.org/licenses/Symlinks.html
TAPR Open Hardware License v1.0,TAPR-OHL-1.0,,,https://spdx.org/licenses/TAPR-OHL-1.0.html
TCL/TK License,TCL,,,https://spdx.org/licenses/TCL.html
TCP Wrappers License,TCP-wrappers,,,https://spdx.org/licenses/TCP-wrappers.html
TMate Open Source License,TMate,,,https://spdx.org/licenses/TMate.html
TORQUE v2.5+ Software License v1.1,TORQUE-1.1,,,https://spdx.org/licenses/TORQUE-1.1.html
Trusster Open Source License,TOSL,,,https://spdx.org/licenses/TOSL.html
Time::ParseDate License,TPDL,,,https://spdx.org/licenses/TPDL.html
THOR Public License 1.0,TPL-1.0,,,https://spdx.org/licenses/TPL-1.0.html
Text-Tabs+Wrap License,TTWL,,,https://spdx.org/licenses/TTWL.html
Technische Universitaet Berlin License 1.0,TU-Berlin-1.0,,,https://spdx.org/licenses/TU-Berlin-1.0.html
Technische Universitaet Berlin License 2.0,TU-Berlin-2.0,,,https://spdx.org/licenses/TU-Berlin-2.0.html
UCAR License,UCAR,,,https://spdx.org/licenses/UCAR.html
Upstream Compatibility License v1.0,UCL-1.0,,Y,https://spdx.org/licenses/UCL-1.0.html
Unicode License Agreement - Data Files and Software (2015),Unicode-DFS-2015,,,https://spdx.org/licenses/Unicode-DFS-2015.html
Unicode License Agreement - Data Files and Software (2016),Unicode-DFS-2016,,Y,https://spdx.org/licenses/Unicode-DFS-2016.html
Unicode Terms of Use,Unicode-TOU,,,https://spdx.org/licenses/Unicode-TOU.html
The Unlicense,Unlicense,Y,Y,https://spdx.org/licenses/Unlicense.html
Universal Permissive License v1.0,UPL-1.0,Y,Y,https://spdx.org/licenses/UPL-1.0.html
Vim License,Vim,Y,,https://spdx.org/licenses/Vim.html
VOSTROM Public License for Open Source,VOSTROM,,,https://spdx.org/licenses/VOSTROM.html
Vovida Software License v1.0,VSL-1.0,,Y,https://spdx.org/licenses/VSL-1.0.html
W3C Software Notice and License (2002-12-31),W3C,Y,Y,https://spdx.org/licenses/W3C.html
W3C Software Notice and License (1998-07-20),W3C-19980720,,,https://spdx.org/licenses/W3C-19980720.html
W3C Software Notice and Document License (2015-05-13),W3C-20150513,,,https://spdx.org/licenses/W3C-20150513.html
w3m License,w3m,,,https://spdx.org/licenses/w3m.html
Sybase Open Watcom Public License 1.0,Watcom-1.0,,Y,https://spdx.org/licenses/Watcom-1.0.html
Wsuipa License,Wsuipa,,,https://spdx.org/licenses/Wsuipa.html
Do What The F*ck You Want To Public License,WTFPL,Y,,https://spdx.org/licenses/WTFPL.html
X11 License,X11,Y,,https://spdx.org/licenses/X11.html
X11 License Distribution Modification Variant,X11-distribute-modifications-variant,,,https://spdx.org/licenses/X11-distribute-modifications-variant.html
Xerox License,Xerox,,,https://spdx.org/licenses/Xerox.html
XFree86 License 1.1,XFree86-1.1,Y,,https://spdx.org/licenses/XFree86-1.1.html
xinetd License,xinetd,Y,,https://spdx.org/licenses/xinetd.html
xlock License,xlock,,,https://spdx.org/licenses/xlock.html
X.Net License,Xnet,,Y,https://spdx.org/licenses/Xnet.html
XPP License,xpp,,,https://spdx.org/licenses/xpp.html
XSkat License,XSkat,,,https://spdx.org/licenses/XSkat.html
Yahoo! Public License v1.0,YPL-1.0,,,https://spdx.org/licenses/YPL-1.0.html
Yahoo! Public License v1.1,YPL-1.1,Y,,https://spdx.org/licenses/YPL-1.1.html
Zed License,Zed,,,https://spdx.org/licenses/Zed.html
Zend License v2.0,Zend-2.0,Y,,https://spdx.org/licenses/Zend-2.0.html
Zimbra Public License v1.3,Zimbra-1.3,Y,,https://spdx.org/licenses/Zimbra-1.3.html
Zimbra Public License v1.4,Zimbra-1.4,,,https://spdx.org/licenses/Zimbra-1.4.html
zlib License,Zlib,Y,Y,https://spdx.org/licenses/Zlib.html
zlib/libpng License with Acknowledgement,zlib-acknowledgement,,,https://spdx.org/licenses/zlib-acknowledgement.html
Zope Public License 1.1,ZPL-1.1,,,https://spdx.org/licenses/ZPL-1.1.html
Zope Public License 2.0,ZPL-2.0,Y,Y,https://spdx.org/licenses/ZPL-2.0.html
Zope Public License 2.1,ZPL-2.1,Y,Y,https://spdx.org/licenses/ZPL-2.1.html
